               epoch,      train/box_loss,      train/obj_loss,      train/cls_loss,   metrics/precision,      metrics/recall,     metrics/mAP_0.5,metrics/mAP_0.5:0.95,        val/box_loss,        val/obj_loss,        val/cls_loss,               x/lr0,               x/lr1,               x/lr2
                   0,            0.033505,            0.014387,                   0,             0.69611,              0.5558,             0.64478,             0.31595,             0.04512,            0.034724,                   0,            0.070303,           0.0032997,           0.0032997
                   1,            0.035333,            0.014801,                   0,             0.54334,               0.442,             0.46015,             0.19386,            0.074544,            0.054099,                   0,             0.04029,           0.0066199,           0.0066199
                   2,            0.038574,             0.01551,                   0,             0.36955,             0.26799,              0.2361,            0.070265,            0.078547,            0.084882,                   0,            0.010264,           0.0099269,           0.0099269
                   3,            0.038547,            0.015801,                   0,             0.33715,             0.44567,             0.32135,              0.1374,            0.060925,            0.063555,                   0,           0.0099406,           0.0099406,           0.0099406
                   4,            0.037908,            0.015716,                   0,             0.65635,             0.53818,             0.59498,             0.26311,            0.053135,            0.033545,                   0,           0.0099406,           0.0099406,           0.0099406
                   5,            0.036769,            0.015556,                   0,               0.417,              0.3047,             0.27074,            0.098832,            0.075083,            0.057451,                   0,           0.0099208,           0.0099208,           0.0099208
                   6,            0.037971,            0.015649,                   0,            0.010375,             0.27166,            0.010867,           0.0032842,             0.10276,             0.31401,                   0,            0.009901,            0.009901,            0.009901
                   7,            0.036794,             0.01523,                   0,             0.56062,             0.41263,             0.42115,             0.15929,            0.090712,            0.034828,                   0,           0.0098812,           0.0098812,           0.0098812
                   8,            0.037513,            0.015965,                   0,             0.37585,             0.20999,             0.16457,            0.053212,             0.10157,             0.13789,                   0,           0.0098614,           0.0098614,           0.0098614
                   9,              0.0362,            0.015302,                   0,             0.53639,              0.4961,             0.44349,               0.162,            0.060451,            0.035195,                   0,           0.0098416,           0.0098416,           0.0098416
                  10,            0.035273,            0.015067,                   0,             0.55317,             0.49119,             0.44117,             0.16655,                 nan,                 nan,                   0,           0.0098218,           0.0098218,           0.0098218
                  11,            0.036912,            0.015116,                   0,             0.59599,             0.47765,             0.46833,             0.19338,            0.070091,            0.036073,                   0,            0.009802,            0.009802,            0.009802
                  12,            0.035575,            0.014967,                   0,             0.52449,             0.59929,             0.51434,             0.23192,             0.06541,            0.073087,                   0,           0.0097822,           0.0097822,           0.0097822
                  13,            0.035642,            0.015006,                   0,             0.76005,             0.66514,             0.73072,              0.3271,            0.048567,            0.030315,                   0,           0.0097624,           0.0097624,           0.0097624
                  14,            0.037287,            0.016054,                   0,             0.76711,             0.66226,             0.73237,             0.34159,            0.047559,            0.030509,                   0,           0.0097426,           0.0097426,           0.0097426
                  15,            0.036643,            0.015044,                   0,             0.61078,             0.48392,             0.51324,             0.24335,            0.051984,            0.035059,                   0,           0.0097228,           0.0097228,           0.0097228
                  16,            0.035048,            0.014692,                   0,             0.65658,             0.65554,             0.65088,             0.30254,            0.048019,            0.031788,                   0,            0.009703,            0.009703,            0.009703
                  17,            0.035262,             0.01491,                   0,             0.65218,             0.56608,             0.61114,             0.28546,            0.048945,             0.03633,                   0,           0.0096832,           0.0096832,           0.0096832
                  18,            0.035407,            0.015094,                   0,            0.018542,             0.20264,            0.010976,           0.0031421,             0.10943,            0.065872,                   0,           0.0096634,           0.0096634,           0.0096634
                  19,            0.034606,            0.014704,                   0,             0.17279,             0.28341,             0.16464,             0.06659,             0.08606,            0.047592,                   0,           0.0096436,           0.0096436,           0.0096436
                  20,            0.036166,            0.015166,                   0,            0.016057,              0.1674,            0.007494,           0.0032809,             0.10293,             0.34245,                   0,           0.0096238,           0.0096238,           0.0096238
                  21,            0.035282,            0.014952,                   0,             0.75007,             0.66987,             0.74332,             0.36247,            0.045722,            0.034778,                   0,            0.009604,            0.009604,            0.009604
                  22,            0.034078,            0.014671,                   0,             0.32834,             0.13436,             0.12178,             0.04071,             0.10633,            0.048447,                   0,           0.0095842,           0.0095842,           0.0095842
                  23,            0.035246,            0.015055,                   0,             0.54793,             0.38179,             0.44675,             0.18246,            0.070651,            0.038611,                   0,           0.0095644,           0.0095644,           0.0095644
                  24,            0.036243,            0.015202,                   0,             0.58971,             0.56535,             0.51854,             0.21329,            0.053124,            0.031995,                   0,           0.0095446,           0.0095446,           0.0095446
                  25,            0.035637,            0.015047,                   0,             0.76414,              0.6922,             0.76345,             0.38179,            0.043813,            0.030968,                   0,           0.0095248,           0.0095248,           0.0095248
                  26,            0.034233,            0.014793,                   0,             0.79483,             0.70542,             0.77567,             0.37869,            0.046113,            0.029912,                   0,            0.009505,            0.009505,            0.009505
                  27,            0.035499,            0.015054,                   0,             0.49874,              0.4141,             0.41384,             0.17069,            0.077957,            0.038733,                   0,           0.0094852,           0.0094852,           0.0094852
                  28,            0.035042,            0.015242,                   0,             0.58083,             0.50073,             0.48164,             0.18115,            0.069424,            0.033035,                   0,           0.0094654,           0.0094654,           0.0094654
                  29,            0.034555,            0.014525,                   0,             0.56492,             0.43979,             0.44371,             0.18174,            0.088927,            0.049533,                   0,           0.0094456,           0.0094456,           0.0094456
                  30,            0.033768,            0.014415,                   0,             0.79712,             0.70999,             0.77362,             0.38025,            0.043482,            0.028842,                   0,           0.0094258,           0.0094258,           0.0094258
                  31,            0.035195,            0.015083,                   0,             0.73115,             0.63894,              0.7054,             0.34796,            0.047798,            0.035706,                   0,            0.009406,            0.009406,            0.009406
                  32,            0.033879,            0.014632,                   0,             0.79389,             0.70631,             0.77828,             0.40486,            0.042405,            0.027617,                   0,           0.0093862,           0.0093862,           0.0093862
                  33,            0.033273,            0.014409,                   0,             0.58201,             0.51248,             0.53657,             0.24715,            0.066858,             0.05147,                   0,           0.0093664,           0.0093664,           0.0093664
                  34,             0.03475,            0.014838,                   0,              0.5481,             0.45862,             0.44194,             0.19029,            0.071311,            0.056675,                   0,           0.0093466,           0.0093466,           0.0093466
                  35,            0.034047,            0.014752,                   0,            0.022241,            0.037445,            0.013965,           0.0040812,             0.10826,            0.085541,                   0,           0.0093268,           0.0093268,           0.0093268
                  36,             0.03469,            0.015037,                   0,             0.75949,             0.66667,             0.73489,             0.36548,            0.046967,            0.030354,                   0,            0.009307,            0.009307,            0.009307
                  37,            0.033872,            0.014822,                   0,             0.71665,              0.6674,             0.73094,             0.37198,            0.045507,            0.032579,                   0,           0.0092872,           0.0092872,           0.0092872
                  38,            0.034498,            0.014947,                   0,             0.48955,             0.52108,             0.47052,             0.22948,            0.060022,            0.074875,                   0,           0.0092674,           0.0092674,           0.0092674
                  39,             0.03375,            0.014482,                   0,             0.72078,             0.59765,             0.67041,             0.32398,            0.047708,             0.03021,                   0,           0.0092476,           0.0092476,           0.0092476
                  40,              0.0338,            0.014442,                   0,              0.6939,             0.66887,             0.71644,             0.35778,            0.044293,            0.048197,                   0,           0.0092278,           0.0092278,           0.0092278
                  41,            0.034086,            0.014837,                   0,             0.75843,             0.65932,             0.72613,             0.36216,            0.045649,            0.030778,                   0,            0.009208,            0.009208,            0.009208
                  42,            0.034384,            0.014574,                   0,             0.80491,             0.73914,             0.81247,              0.4259,            0.042355,            0.027647,                   0,           0.0091882,           0.0091882,           0.0091882
                  43,            0.034119,            0.014735,                   0,             0.48955,             0.36687,             0.36655,             0.15201,             0.07043,            0.044724,                   0,           0.0091684,           0.0091684,           0.0091684
                  44,            0.033552,            0.014603,                   0,             0.77173,              0.6696,             0.74865,               0.373,            0.048286,             0.03278,                   0,           0.0091486,           0.0091486,           0.0091486
                  45,            0.033488,            0.014592,                   0,             0.78671,             0.68943,             0.76565,             0.38196,            0.044338,            0.029931,                   0,           0.0091288,           0.0091288,           0.0091288
                  46,            0.034473,            0.015071,                   0,             0.77301,             0.70999,             0.76665,             0.39691,            0.043251,            0.031214,                   0,            0.009109,            0.009109,            0.009109
                  47,             0.03383,             0.01455,                   0,             0.77936,             0.73715,             0.79889,              0.4173,            0.041795,            0.028057,                   0,           0.0090892,           0.0090892,           0.0090892
                  48,            0.033542,            0.014482,                   0,             0.80736,             0.69163,               0.775,             0.38732,            0.045341,             0.02996,                   0,           0.0090694,           0.0090694,           0.0090694
                  49,            0.033334,            0.014624,                   0,             0.77617,             0.44053,              0.5334,             0.25491,            0.057148,            0.039693,                   0,           0.0090496,           0.0090496,           0.0090496
                  50,             0.03439,            0.014615,                   0,              0.7891,             0.70602,             0.78495,             0.41317,            0.041752,            0.027548,                   0,           0.0090298,           0.0090298,           0.0090298
                  51,            0.033659,            0.014392,                   0,             0.79679,             0.75844,             0.81491,              0.4348,            0.042545,            0.027313,                   0,             0.00901,             0.00901,             0.00901
                  52,            0.033253,            0.014412,                   0,             0.65873,             0.56122,             0.59542,             0.27656,            0.073321,            0.034507,                   0,           0.0089902,           0.0089902,           0.0089902
                  53,            0.034018,            0.014619,                   0,             0.82079,             0.71733,             0.79956,             0.40476,            0.043561,            0.027141,                   0,           0.0089704,           0.0089704,           0.0089704
                  54,             0.03305,            0.014358,                   0,             0.80522,             0.46035,             0.56055,             0.28621,            0.064878,            0.052575,                   0,           0.0089506,           0.0089506,           0.0089506
                  55,            0.034046,            0.014675,                   0,             0.74719,             0.64231,              0.7075,             0.34227,            0.047176,            0.030074,                   0,           0.0089308,           0.0089308,           0.0089308
                  56,            0.033006,            0.014314,                   0,             0.78998,             0.72981,             0.79305,             0.42404,              0.0414,            0.030862,                   0,            0.008911,            0.008911,            0.008911
                  57,             0.03255,            0.014048,                   0,             0.81684,             0.72173,             0.80601,              0.4126,            0.041994,            0.027826,                   0,           0.0088912,           0.0088912,           0.0088912
                  58,            0.033087,             0.01459,                   0,             0.79442,             0.69897,             0.77622,             0.40062,            0.044622,             0.03012,                   0,           0.0088714,           0.0088714,           0.0088714
                  59,            0.033198,             0.01458,                   0,             0.79778,             0.72247,             0.79843,             0.41782,             0.04146,              0.0277,                   0,           0.0088516,           0.0088516,           0.0088516
                  60,            0.033063,            0.014291,                   0,             0.70755,             0.70999,             0.74022,             0.39092,            0.043132,            0.035465,                   0,           0.0088318,           0.0088318,           0.0088318
                  61,            0.032851,            0.014514,                   0,             0.82569,             0.63993,              0.7605,             0.38613,            0.043298,            0.028952,                   0,            0.008812,            0.008812,            0.008812
                  62,            0.032762,            0.014092,                   0,             0.84681,             0.75991,             0.83707,             0.45555,            0.039836,            0.025976,                   0,           0.0087922,           0.0087922,           0.0087922
                  63,            0.032799,            0.014637,                   0,             0.83973,             0.72981,                0.81,             0.42461,            0.041892,            0.026569,                   0,           0.0087724,           0.0087724,           0.0087724
                  64,            0.032504,            0.014378,                   0,             0.81436,              0.7254,             0.80624,             0.41968,            0.042177,             0.02736,                   0,           0.0087526,           0.0087526,           0.0087526
                  65,            0.033269,            0.014497,                   0,             0.82535,             0.75991,             0.82475,             0.44281,            0.040327,            0.025789,                   0,           0.0087328,           0.0087328,           0.0087328
                  66,            0.032947,            0.014523,                   0,             0.83988,             0.71249,             0.80302,             0.41905,            0.041046,            0.027468,                   0,            0.008713,            0.008713,            0.008713
                  67,            0.032152,             0.01403,                   0,             0.81251,             0.73054,              0.8115,              0.4288,            0.040835,            0.026925,                   0,           0.0086932,           0.0086932,           0.0086932
                  68,            0.032109,            0.014161,                   0,              0.7801,             0.71219,             0.79525,             0.41859,            0.042193,            0.027053,                   0,           0.0086734,           0.0086734,           0.0086734
                  69,            0.032718,            0.014547,                   0,              0.8384,             0.74277,             0.83157,             0.43742,            0.040936,            0.025977,                   0,           0.0086536,           0.0086536,           0.0086536
                  70,            0.032989,            0.014357,                   0,             0.84647,             0.69971,             0.80511,             0.42096,            0.041969,            0.027412,                   0,           0.0086338,           0.0086338,           0.0086338
                  71,            0.033503,            0.014585,                   0,             0.82569,             0.74596,             0.82802,             0.44112,            0.040014,            0.026352,                   0,            0.008614,            0.008614,            0.008614
                  72,            0.032483,            0.013858,                   0,             0.82858,               0.721,             0.81795,             0.44355,            0.039898,            0.028764,                   0,           0.0085942,           0.0085942,           0.0085942
                  73,            0.033187,            0.014301,                   0,             0.83126,             0.74146,               0.825,             0.44349,            0.039671,            0.025981,                   0,           0.0085744,           0.0085744,           0.0085744
                  74,            0.032347,            0.013947,                   0,             0.83731,             0.74009,             0.80727,             0.43409,            0.040309,             0.02769,                   0,           0.0085546,           0.0085546,           0.0085546
                  75,            0.031964,            0.014096,                   0,             0.80306,             0.76285,             0.82712,             0.44759,            0.039881,            0.026966,                   0,           0.0085348,           0.0085348,           0.0085348
                  76,            0.032543,            0.014579,                   0,             0.77034,             0.68218,             0.75717,             0.39925,            0.041692,            0.028133,                   0,            0.008515,            0.008515,            0.008515
                  77,            0.032138,            0.014242,                   0,             0.81718,             0.76794,             0.83525,             0.45133,            0.039688,            0.025655,                   0,           0.0084952,           0.0084952,           0.0084952
                  78,            0.031434,            0.013965,                   0,             0.80814,             0.73912,             0.81481,             0.45231,            0.039656,            0.030383,                   0,           0.0084754,           0.0084754,           0.0084754
                  79,            0.032054,            0.013864,                   0,             0.84691,             0.74596,             0.83496,             0.46176,            0.039347,            0.025798,                   0,           0.0084556,           0.0084556,           0.0084556
                  80,            0.032001,            0.013963,                   0,             0.85964,             0.72614,             0.82518,             0.45522,             0.03942,            0.027267,                   0,           0.0084358,           0.0084358,           0.0084358
                  81,            0.031878,            0.014093,                   0,              0.8293,             0.72614,             0.81501,             0.44835,            0.039409,            0.028111,                   0,            0.008416,            0.008416,            0.008416
                  82,            0.032117,            0.014085,                   0,             0.82557,             0.76652,             0.83689,             0.45973,            0.039673,            0.027472,                   0,           0.0083962,           0.0083962,           0.0083962
                  83,            0.031953,            0.014161,                   0,             0.80212,             0.74449,             0.81843,              0.4526,              0.0398,            0.026832,                   0,           0.0083764,           0.0083764,           0.0083764
                  84,            0.031498,             0.01394,                   0,             0.80998,             0.74449,             0.81929,             0.44405,            0.040026,             0.02813,                   0,           0.0083566,           0.0083566,           0.0083566
                  85,            0.032185,            0.014185,                   0,             0.85986,             0.75233,             0.83301,              0.4576,            0.039087,            0.027756,                   0,           0.0083368,           0.0083368,           0.0083368
                  86,            0.031807,            0.014014,                   0,             0.80889,             0.77166,             0.82824,             0.44753,             0.03884,             0.02623,                   0,            0.008317,            0.008317,            0.008317
                  87,            0.032587,            0.014403,                   0,             0.70863,             0.60646,             0.70466,             0.35587,            0.049023,            0.030237,                   0,           0.0082972,           0.0082972,           0.0082972
                  88,            0.031884,            0.013935,                   0,             0.85083,             0.73707,             0.82796,             0.45455,            0.039298,            0.027049,                   0,           0.0082774,           0.0082774,           0.0082774
                  89,            0.032522,            0.014423,                   0,             0.82039,              0.7467,             0.82329,             0.45453,            0.039474,            0.027555,                   0,           0.0082576,           0.0082576,           0.0082576
                  90,            0.031811,            0.014089,                   0,             0.81742,             0.77313,             0.83068,              0.4619,            0.039435,            0.026846,                   0,           0.0082378,           0.0082378,           0.0082378
                  91,            0.031303,             0.01398,                   0,             0.81504,             0.76677,             0.83034,             0.46108,            0.039066,            0.027533,                   0,            0.008218,            0.008218,            0.008218
                  92,            0.032292,            0.014018,                   0,             0.81168,             0.75184,             0.82735,             0.45466,            0.039138,            0.026804,                   0,           0.0081982,           0.0081982,           0.0081982
                  93,            0.031814,             0.01415,                   0,             0.80177,             0.76025,             0.82263,             0.45659,            0.038943,            0.028058,                   0,           0.0081784,           0.0081784,           0.0081784
                  94,            0.031486,            0.014037,                   0,             0.82014,             0.75991,              0.8318,             0.45466,            0.039314,            0.026582,                   0,           0.0081586,           0.0081586,           0.0081586
                  95,            0.032439,            0.014232,                   0,             0.82024,             0.75184,              0.8272,             0.44722,            0.039555,            0.027285,                   0,           0.0081388,           0.0081388,           0.0081388
                  96,            0.031727,            0.014029,                   0,             0.83272,             0.75658,             0.83734,             0.45713,            0.038768,            0.027572,                   0,            0.008119,            0.008119,            0.008119
                  97,            0.032427,            0.014312,                   0,             0.83091,             0.76851,             0.84003,             0.45922,            0.038629,            0.027288,                   0,           0.0080992,           0.0080992,           0.0080992
                  98,            0.031352,            0.013927,                   0,             0.82743,             0.76285,             0.84057,             0.46204,            0.038516,            0.027311,                   0,           0.0080794,           0.0080794,           0.0080794
                  99,            0.031718,            0.014056,                   0,             0.83242,             0.76138,             0.83442,             0.45768,             0.03877,            0.027942,                   0,           0.0080596,           0.0080596,           0.0080596
                 100,            0.031599,            0.014011,                   0,             0.84398,             0.75771,             0.83979,             0.46045,            0.038368,            0.027144,                   0,           0.0080398,           0.0080398,           0.0080398
                 101,            0.031555,            0.014017,                   0,             0.84907,             0.74763,             0.83574,             0.46283,            0.038232,            0.027463,                   0,             0.00802,             0.00802,             0.00802
                 102,            0.031648,            0.013492,                   0,             0.84133,             0.74356,             0.83611,             0.45585,            0.038511,            0.027199,                   0,           0.0080002,           0.0080002,           0.0080002
                 103,            0.032409,            0.014367,                   0,             0.81031,             0.75589,             0.82897,             0.46294,             0.03814,            0.027482,                   0,           0.0079804,           0.0079804,           0.0079804
                 104,            0.032222,            0.014115,                   0,              0.8457,             0.74229,             0.83375,             0.46184,            0.038199,              0.0275,                   0,           0.0079606,           0.0079606,           0.0079606
                 105,            0.031438,            0.013905,                   0,             0.85019,             0.74169,             0.83625,             0.46429,            0.038093,            0.027171,                   0,           0.0079408,           0.0079408,           0.0079408
                 106,            0.031042,            0.013714,                   0,             0.83699,             0.74643,             0.83728,             0.46397,            0.037848,            0.027735,                   0,            0.007921,            0.007921,            0.007921
                 107,            0.031288,            0.013662,                   0,             0.82396,             0.75601,             0.82909,             0.45019,            0.038677,            0.027667,                   0,           0.0079012,           0.0079012,           0.0079012
                 108,             0.03102,            0.013759,                   0,              0.8388,             0.76026,              0.8414,             0.46013,            0.038089,             0.02693,                   0,           0.0078814,           0.0078814,           0.0078814
                 109,             0.03029,            0.013758,                   0,             0.81658,             0.77533,             0.83882,             0.46959,            0.037733,            0.027194,                   0,           0.0078616,           0.0078616,           0.0078616
                 110,             0.03118,            0.013835,                   0,             0.83519,             0.74414,             0.83418,             0.46186,            0.038097,            0.027622,                   0,           0.0078418,           0.0078418,           0.0078418
                 111,            0.030813,            0.013788,                   0,             0.84205,             0.73585,             0.82908,             0.46274,            0.038169,            0.028241,                   0,            0.007822,            0.007822,            0.007822
                 112,            0.031919,            0.013844,                   0,             0.85375,             0.74009,             0.83705,             0.46506,            0.037916,            0.027821,                   0,           0.0078022,           0.0078022,           0.0078022
                 113,            0.031979,             0.01395,                   0,             0.84546,             0.74308,             0.83699,             0.46389,            0.037906,            0.027153,                   0,           0.0077824,           0.0077824,           0.0077824
                 114,            0.031693,            0.014079,                   0,             0.83273,             0.74203,             0.83566,             0.46242,            0.037645,            0.026971,                   0,           0.0077626,           0.0077626,           0.0077626
                 115,            0.032474,            0.014242,                   0,             0.82689,              0.7511,             0.83151,             0.45889,            0.038296,            0.027259,                   0,           0.0077428,           0.0077428,           0.0077428
                 116,            0.031058,            0.013896,                   0,             0.83459,             0.75202,             0.83431,             0.45812,             0.03835,            0.027257,                   0,            0.007723,            0.007723,            0.007723
                 117,            0.030904,            0.013914,                   0,             0.84738,             0.75008,             0.84033,             0.46414,            0.037943,            0.027057,                   0,           0.0077032,           0.0077032,           0.0077032
                 118,             0.03135,            0.013849,                   0,             0.85448,             0.75017,             0.84478,             0.46971,              0.0378,            0.027117,                   0,           0.0076834,           0.0076834,           0.0076834
                 119,            0.030775,            0.013546,                   0,             0.82643,             0.76505,             0.84211,             0.46754,            0.037808,            0.027442,                   0,           0.0076636,           0.0076636,           0.0076636
                 120,            0.030396,            0.013536,                   0,             0.81991,             0.76579,             0.83888,             0.46707,            0.037772,            0.027725,                   0,           0.0076438,           0.0076438,           0.0076438
                 121,            0.031602,            0.013868,                   0,              0.8508,             0.73789,             0.83547,             0.46474,            0.037774,            0.028182,                   0,            0.007624,            0.007624,            0.007624
                 122,            0.030853,            0.013551,                   0,             0.82901,             0.76285,             0.83764,             0.46489,            0.037819,            0.027928,                   0,           0.0076042,           0.0076042,           0.0076042
                 123,            0.030773,            0.013429,                   0,             0.82791,             0.76579,             0.83938,             0.46335,            0.037854,            0.027598,                   0,           0.0075844,           0.0075844,           0.0075844
                 124,            0.030649,            0.013608,                   0,             0.83707,             0.76196,             0.83769,             0.46451,            0.037881,            0.027789,                   0,           0.0075646,           0.0075646,           0.0075646
                 125,            0.030651,            0.013905,                   0,             0.83214,             0.75709,             0.83303,             0.46325,            0.038046,            0.028012,                   0,           0.0075448,           0.0075448,           0.0075448
                 126,            0.031137,            0.013673,                   0,             0.84168,             0.75724,             0.83601,             0.45892,             0.03826,            0.027738,                   0,            0.007525,            0.007525,            0.007525
                 127,            0.031305,            0.013733,                   0,             0.83455,             0.75771,             0.83626,             0.45925,            0.038199,            0.027505,                   0,           0.0075052,           0.0075052,           0.0075052
                 128,            0.031144,            0.013836,                   0,             0.84123,             0.76432,             0.83898,              0.4636,            0.038006,              0.0275,                   0,           0.0074854,           0.0074854,           0.0074854
                 129,            0.030821,            0.013649,                   0,             0.83902,             0.76065,             0.83916,             0.46386,            0.037923,            0.027557,                   0,           0.0074656,           0.0074656,           0.0074656
                 130,            0.031025,            0.013588,                   0,             0.82406,             0.76579,             0.83541,             0.45893,            0.038142,            0.027716,                   0,           0.0074458,           0.0074458,           0.0074458
                 131,            0.030117,            0.013597,                   0,             0.82574,             0.76191,             0.83806,             0.46393,            0.037924,            0.027726,                   0,            0.007426,            0.007426,            0.007426
                 132,            0.029799,            0.013243,                   0,             0.83059,             0.75955,              0.8379,             0.46438,            0.037951,            0.027678,                   0,           0.0074062,           0.0074062,           0.0074062
                 133,            0.030482,            0.013854,                   0,             0.83423,             0.76285,             0.83879,             0.46489,             0.03791,            0.027606,                   0,           0.0073864,           0.0073864,           0.0073864
                 134,            0.030964,            0.013575,                   0,             0.82798,             0.76505,             0.83787,             0.46339,            0.037967,            0.027515,                   0,           0.0073666,           0.0073666,           0.0073666
                 135,            0.030721,            0.014092,                   0,             0.82617,              0.7677,             0.83873,              0.4612,            0.038139,            0.027406,                   0,           0.0073468,           0.0073468,           0.0073468
                 136,            0.030749,            0.013623,                   0,             0.83128,             0.76725,             0.83829,             0.46463,            0.038086,            0.027482,                   0,            0.007327,            0.007327,            0.007327
                 137,            0.030008,            0.013081,                   0,             0.83014,             0.76073,             0.83693,             0.46397,            0.038087,            0.027636,                   0,           0.0073072,           0.0073072,           0.0073072
                 138,            0.030204,            0.013443,                   0,             0.82675,             0.76065,             0.83408,             0.46464,            0.038133,            0.027645,                   0,           0.0072874,           0.0072874,           0.0072874
                 139,            0.030713,            0.013595,                   0,             0.83557,             0.75741,             0.83546,             0.46446,            0.038155,            0.027507,                   0,           0.0072676,           0.0072676,           0.0072676
                 140,            0.030026,            0.013426,                   0,             0.82983,             0.75903,             0.83403,             0.46373,            0.038154,            0.027589,                   0,           0.0072478,           0.0072478,           0.0072478
                 141,            0.030611,            0.013607,                   0,             0.82573,             0.76534,             0.83806,             0.46274,            0.038194,            0.027321,                   0,            0.007228,            0.007228,            0.007228
                 142,            0.029934,            0.013417,                   0,             0.81677,             0.76584,             0.83562,             0.46342,            0.038173,            0.027527,                   0,           0.0072082,           0.0072082,           0.0072082
                 143,            0.029453,            0.013295,                   0,             0.81853,             0.77019,             0.83816,             0.46377,             0.03817,             0.02758,                   0,           0.0071884,           0.0071884,           0.0071884
                 144,            0.029868,            0.013241,                   0,              0.8648,             0.72614,             0.83661,             0.46114,            0.038404,            0.027646,                   0,           0.0071686,           0.0071686,           0.0071686
                 145,             0.03087,            0.013877,                   0,             0.81593,             0.76725,              0.8366,             0.46165,             0.03837,            0.027604,                   0,           0.0071488,           0.0071488,           0.0071488
                 146,            0.029837,            0.013233,                   0,             0.81236,             0.76607,             0.83673,             0.46576,            0.038244,            0.027767,                   0,            0.007129,            0.007129,            0.007129
                 147,            0.029426,            0.013257,                   0,               0.812,             0.76652,             0.83514,             0.46272,            0.038363,            0.027878,                   0,           0.0071092,           0.0071092,           0.0071092
                 148,            0.030698,            0.013363,                   0,             0.81368,             0.76635,             0.83467,             0.46303,            0.038397,            0.027932,                   0,           0.0070894,           0.0070894,           0.0070894
                 149,            0.030152,            0.013617,                   0,             0.81827,             0.76725,             0.83408,             0.46249,            0.038391,            0.027922,                   0,           0.0070696,           0.0070696,           0.0070696
                 150,            0.031156,            0.013635,                   0,             0.81437,             0.76725,              0.8338,             0.46269,            0.038336,            0.028019,                   0,           0.0070498,           0.0070498,           0.0070498
                 151,            0.031032,             0.01395,                   0,             0.81389,             0.77019,             0.83495,             0.46268,             0.03829,            0.027931,                   0,             0.00703,             0.00703,             0.00703
                 152,            0.030219,            0.013488,                   0,             0.81659,             0.76579,             0.83336,             0.46362,            0.038221,            0.028088,                   0,           0.0070102,           0.0070102,           0.0070102
                 153,            0.030649,            0.013384,                   0,              0.8131,             0.76979,             0.83195,             0.46326,            0.038202,            0.028026,                   0,           0.0069904,           0.0069904,           0.0069904
                 154,            0.029879,            0.013337,                   0,             0.81871,             0.76596,             0.83314,             0.46494,            0.038139,            0.028033,                   0,           0.0069706,           0.0069706,           0.0069706
                 155,            0.029974,            0.013256,                   0,             0.81942,             0.76294,             0.83341,             0.46511,            0.038126,            0.028081,                   0,           0.0069508,           0.0069508,           0.0069508
                 156,            0.029821,            0.013273,                   0,             0.82213,             0.76432,             0.83394,             0.46474,            0.038169,            0.027988,                   0,            0.006931,            0.006931,            0.006931
                 157,            0.029381,            0.013202,                   0,             0.82222,             0.76432,             0.83331,             0.46324,            0.038218,            0.027981,                   0,           0.0069112,           0.0069112,           0.0069112
                 158,            0.029793,             0.01334,                   0,              0.8273,             0.76672,             0.83561,             0.46625,            0.038179,             0.02794,                   0,           0.0068914,           0.0068914,           0.0068914
                 159,            0.031066,            0.014001,                   0,             0.82033,             0.76725,             0.83459,              0.4665,            0.038154,            0.028009,                   0,           0.0068716,           0.0068716,           0.0068716
                 160,             0.02942,            0.012953,                   0,             0.82129,             0.76946,             0.83451,             0.46609,            0.038199,            0.028034,                   0,           0.0068518,           0.0068518,           0.0068518
                 161,            0.029727,            0.013303,                   0,             0.81661,             0.77156,             0.83453,             0.46633,            0.038215,             0.02807,                   0,            0.006832,            0.006832,            0.006832
                 162,            0.029571,            0.013454,                   0,             0.82058,             0.76946,             0.83439,              0.4662,            0.038201,            0.028091,                   0,           0.0068122,           0.0068122,           0.0068122
                 163,            0.029598,            0.013454,                   0,             0.81746,             0.77019,             0.83495,             0.46527,            0.038248,            0.028023,                   0,           0.0067924,           0.0067924,           0.0067924
                 164,            0.029642,            0.013054,                   0,             0.81604,             0.77166,             0.83444,             0.46441,             0.03824,            0.028061,                   0,           0.0067726,           0.0067726,           0.0067726
                 165,            0.029904,            0.013088,                   0,             0.81471,             0.77019,             0.83459,              0.4644,            0.038249,            0.028079,                   0,           0.0067528,           0.0067528,           0.0067528
                 166,            0.031593,            0.014399,                   0,             0.81434,             0.77291,             0.83499,             0.46445,            0.038266,            0.027918,                   0,            0.006733,            0.006733,            0.006733
                 167,            0.029524,            0.013343,                   0,             0.81218,             0.77093,              0.8341,             0.46334,            0.038322,            0.027878,                   0,           0.0067132,           0.0067132,           0.0067132
                 168,            0.029132,            0.013143,                   0,             0.81532,             0.76822,             0.83497,             0.46586,            0.038221,            0.027898,                   0,           0.0066934,           0.0066934,           0.0066934
                 169,            0.029167,            0.013162,                   0,             0.81585,             0.76872,             0.83434,             0.46604,            0.038181,            0.027906,                   0,           0.0066736,           0.0066736,           0.0066736
                 170,            0.029249,            0.013317,                   0,             0.81661,             0.76799,             0.83495,             0.46602,            0.038159,            0.027969,                   0,           0.0066538,           0.0066538,           0.0066538
                 171,            0.029324,            0.013073,                   0,             0.81757,             0.76872,             0.83531,             0.46601,            0.038197,            0.027955,                   0,            0.006634,            0.006634,            0.006634
                 172,            0.029541,            0.013313,                   0,             0.82091,             0.76725,             0.83568,             0.46656,            0.038152,               0.028,                   0,           0.0066142,           0.0066142,           0.0066142
                 173,            0.029206,             0.01328,                   0,             0.82292,             0.76725,             0.83624,             0.46591,            0.038195,            0.027969,                   0,           0.0065944,           0.0065944,           0.0065944
                 174,            0.029277,            0.012946,                   0,             0.82352,             0.76579,             0.83684,             0.46719,             0.03814,            0.027978,                   0,           0.0065746,           0.0065746,           0.0065746
                 175,            0.030703,            0.013782,                   0,             0.81938,             0.76579,             0.83622,             0.46621,            0.038144,            0.028006,                   0,           0.0065548,           0.0065548,           0.0065548
                 176,            0.029253,            0.013189,                   0,             0.81985,             0.76853,             0.83608,             0.46701,            0.038146,            0.028013,                   0,            0.006535,            0.006535,            0.006535
                 177,            0.029195,            0.013277,                   0,             0.82052,             0.76867,             0.83674,             0.46693,            0.038145,            0.027959,                   0,           0.0065152,           0.0065152,           0.0065152
                 178,            0.028895,            0.013154,                   0,              0.8235,             0.76733,             0.83665,             0.46678,            0.038156,            0.028049,                   0,           0.0064954,           0.0064954,           0.0064954
                 179,            0.028831,            0.012907,                   0,             0.82299,             0.76807,             0.83639,             0.46682,            0.038154,            0.028078,                   0,           0.0064756,           0.0064756,           0.0064756
                 180,            0.029068,             0.01319,                   0,             0.82322,             0.76587,             0.83644,             0.46683,            0.038169,            0.028074,                   0,           0.0064558,           0.0064558,           0.0064558
                 181,            0.029488,            0.013161,                   0,             0.82646,             0.76574,              0.8367,              0.4672,            0.038177,            0.028111,                   0,            0.006436,            0.006436,            0.006436
                 182,            0.029789,            0.013502,                   0,             0.82616,             0.76652,             0.83728,             0.46748,            0.038162,            0.028099,                   0,           0.0064162,           0.0064162,           0.0064162
                 183,            0.029281,            0.012969,                   0,             0.82907,             0.76725,             0.83779,             0.46801,            0.038161,            0.028086,                   0,           0.0063964,           0.0063964,           0.0063964
                 184,            0.029406,            0.013098,                   0,              0.8316,             0.76505,             0.83784,             0.46821,            0.038179,            0.028138,                   0,           0.0063766,           0.0063766,           0.0063766
                 185,            0.028917,             0.01325,                   0,             0.83193,              0.7632,             0.83799,              0.4679,            0.038173,            0.028141,                   0,           0.0063568,           0.0063568,           0.0063568
                 186,            0.028748,             0.01303,                   0,             0.83377,             0.76285,             0.83845,             0.46757,            0.038157,            0.028142,                   0,            0.006337,            0.006337,            0.006337
                 187,            0.029144,            0.013003,                   0,             0.83349,             0.76358,             0.83856,             0.46704,            0.038166,            0.028111,                   0,           0.0063172,           0.0063172,           0.0063172
                 188,             0.02915,            0.013076,                   0,             0.83378,             0.76358,             0.83889,             0.46723,            0.038163,              0.0281,                   0,           0.0062974,           0.0062974,           0.0062974
                 189,            0.029154,            0.012806,                   0,             0.83673,             0.76432,             0.83824,              0.4666,            0.038176,            0.028141,                   0,           0.0062776,           0.0062776,           0.0062776
                 190,            0.029144,            0.013123,                   0,             0.83453,             0.76651,             0.83851,             0.46705,            0.038183,            0.028149,                   0,           0.0062578,           0.0062578,           0.0062578
                 191,            0.029143,            0.013017,                   0,             0.83509,             0.76505,             0.83822,             0.46694,            0.038196,            0.028182,                   0,            0.006238,            0.006238,            0.006238
                 192,            0.028734,            0.012987,                   0,             0.83616,             0.76358,             0.83772,             0.46704,            0.038187,            0.028188,                   0,           0.0062182,           0.0062182,           0.0062182
                 193,            0.028932,            0.012947,                   0,             0.83771,             0.76176,             0.83806,             0.46763,            0.038195,             0.02819,                   0,           0.0061984,           0.0061984,           0.0061984
                 194,            0.029104,            0.013207,                   0,             0.83684,             0.76285,             0.83859,             0.46758,            0.038192,             0.02817,                   0,           0.0061786,           0.0061786,           0.0061786
                 195,            0.028715,            0.012791,                   0,             0.83297,             0.76524,             0.83849,             0.46692,            0.038199,              0.0282,                   0,           0.0061588,           0.0061588,           0.0061588
                 196,            0.029856,            0.013133,                   0,             0.83858,             0.76285,             0.83827,             0.46743,            0.038199,            0.028235,                   0,            0.006139,            0.006139,            0.006139
                 197,            0.028622,            0.012945,                   0,             0.83812,             0.76358,             0.83799,             0.46682,            0.038197,             0.02826,                   0,           0.0061192,           0.0061192,           0.0061192
                 198,             0.02815,            0.012566,                   0,             0.83814,             0.76358,             0.83771,             0.46617,            0.038216,            0.028287,                   0,           0.0060994,           0.0060994,           0.0060994
                 199,            0.028966,            0.012953,                   0,             0.83445,             0.76579,             0.83766,             0.46685,            0.038182,            0.028289,                   0,           0.0060796,           0.0060796,           0.0060796
                 200,            0.029571,            0.013311,                   0,             0.83584,             0.76505,             0.83815,              0.4663,            0.038194,            0.028291,                   0,           0.0060598,           0.0060598,           0.0060598
                 201,            0.028654,            0.012962,                   0,             0.83528,             0.76694,             0.83837,             0.46768,            0.038185,             0.02832,                   0,             0.00604,             0.00604,             0.00604
                 202,            0.028121,            0.012787,                   0,             0.84031,             0.76499,              0.8386,             0.46724,             0.03819,            0.028306,                   0,           0.0060202,           0.0060202,           0.0060202
                 203,            0.028647,            0.012873,                   0,             0.83733,             0.76579,             0.83888,             0.46768,            0.038176,            0.028315,                   0,           0.0060004,           0.0060004,           0.0060004
                 204,            0.029154,              0.0132,                   0,             0.84195,             0.76267,             0.83937,             0.46767,            0.038186,            0.028301,                   0,           0.0059806,           0.0059806,           0.0059806
                 205,            0.029475,            0.013111,                   0,             0.84091,             0.76455,             0.83943,             0.46834,            0.038167,            0.028297,                   0,           0.0059608,           0.0059608,           0.0059608
                 206,            0.028821,            0.012854,                   0,             0.84138,              0.7672,             0.83948,             0.46902,            0.038153,            0.028287,                   0,            0.005941,            0.005941,            0.005941
                 207,            0.027867,            0.012678,                   0,             0.84347,             0.76355,             0.83866,             0.46792,            0.038156,            0.028307,                   0,           0.0059212,           0.0059212,           0.0059212
                 208,               0.029,            0.012867,                   0,             0.84189,             0.76579,             0.83871,             0.46824,            0.038153,            0.028331,                   0,           0.0059014,           0.0059014,           0.0059014
                 209,            0.028117,            0.012727,                   0,             0.84356,             0.76408,             0.83981,             0.46864,            0.038151,            0.028328,                   0,           0.0058816,           0.0058816,           0.0058816
                 210,            0.028106,            0.012774,                   0,             0.84223,             0.76428,             0.83842,             0.46933,            0.038139,            0.028321,                   0,           0.0058618,           0.0058618,           0.0058618
                 211,            0.027482,            0.012353,                   0,             0.84291,             0.76427,             0.83816,             0.46905,            0.038124,            0.028298,                   0,            0.005842,            0.005842,            0.005842
                 212,            0.028235,            0.012797,                   0,             0.84155,              0.7643,             0.83822,             0.46871,            0.038142,             0.02828,                   0,           0.0058222,           0.0058222,           0.0058222
                 213,            0.028421,            0.013127,                   0,             0.84032,             0.76503,             0.83832,             0.46874,            0.038124,            0.028267,                   0,           0.0058024,           0.0058024,           0.0058024
                 214,            0.028938,            0.013116,                   0,             0.84044,             0.76573,             0.83886,             0.46779,            0.038147,            0.028245,                   0,           0.0057826,           0.0057826,           0.0057826
                 215,            0.028223,             0.01261,                   0,             0.84097,             0.76486,             0.83816,             0.46774,            0.038122,            0.028262,                   0,           0.0057628,           0.0057628,           0.0057628
                 216,            0.028604,            0.012917,                   0,             0.84142,             0.76579,             0.83779,             0.46795,            0.038115,            0.028273,                   0,            0.005743,            0.005743,            0.005743
                 217,            0.028079,              0.0128,                   0,             0.84028,             0.76872,             0.83868,             0.46756,             0.03813,            0.028258,                   0,           0.0057232,           0.0057232,           0.0057232
                 218,            0.028438,            0.012466,                   0,             0.84162,             0.76652,             0.83855,             0.46757,            0.038123,            0.028241,                   0,           0.0057034,           0.0057034,           0.0057034
